image,target
aadawlxbmapqrblgxyzarhjasgiobu.png,0.9992877840995789
abpxvdfyhaaohzcrngcucmhffwizxs.jpg,0.0038387728855013847
aclkjfvackiieiznzfcwienplielrj.jpg,0.9995798468589783
aelkivmayxgsdjosiibfgmkvfrjvjk.jpg,0.999232292175293
aelzzshpfxerelefnkatpczktuxjln.jpg,0.005257604643702507
ajnjnkvstqesvfohaptobyasrkmcnq.jpg,0.00017477165965829045
akkydnvilgvzigllmboonbqbbioocs.jpg,0.9999971389770508
akvjfjhgayyjwrqrczjbeyoqhhajis.jpg,0.004016453865915537
alcveyvosnywyjbmngolmnblftdoje.jpg,0.001193379983305931
alfuzzlrjkdrrzauiswqnuvpvzfluc.jpg,0.9999967813491821
aljnaycepveqbedxhsklixyjodpcho.jpg,0.0003100164467468858
amvorhijzrsihdqvyddkamjdyuahqm.jpg,0.0002175753324991092
autvannlbggmjsuhqbnnffyhrnyyhp.jpg,0.9998571872711182
aveecvuafgubjfweqsfyomjgyazdxs.jpg,0.9998385906219482
ayqcgikqwwnikkwdufxnxhfixdpelp.jpg,0.9999614953994751
bakmhsflobtjjwilhsiqynhmnrjjnq.jpg,0.0016465598018839955
bbolakporoaeojpqandvajgrojnkaj.jpg,0.990731418132782
bcqfficwazmpxairlfnchvusputshk.jpg,0.9999456405639648
bctvvfysokpohqxzngbuuaugtgtkov.jpg,0.003303976496681571
bfjrheksmajsxlorqmwtpwjonzkyiv.jpg,0.9999977350234985
bhczfsgehqldydadvfldnunftxzfdv.jpg,0.0011904977727681398
bihlsygajgvqsywzkpfbmupevnuoqh.jpg,0.00023888106807135046
bivegebpyjsmiaylkruufjevjxqydc.jpg,0.9999994039535522
bjlwcuatbrxhdxocieancqgdlgqnma.jpg,0.004684056155383587
bkhjxlxizjiychukanlstfpcodlubc.jpg,0.0005892012268304825
blgzlxqgcpxulfwfywadwbbeptqcol.jpg,0.9993113279342651
blmgakpsirdrdnimkjwdnbusgactzx.jpg,0.9999667406082153
bophtvssbpnmzkxfxuvupbriwazlcz.jpg,8.24213566374965e-05
botfdlboeryhmfxctjvzbqriqyonuv.jpg,0.9966026544570923
bqjjodotjhmmchkiityjpmglknkzdq.jpg,0.9997791647911072
bqudlucapxfguiydzopfdvuasiwscs.jpg,0.0015580025501549244
broomszdrrefxhmthsxwurzfuutkft.jpeg,0.0032575628720223904
bucfsqoezlveinjzzyyfiianjzrklf.jpg,0.9999464750289917
bvrbztwngoiduyhlrnxnybuqamwdjq.jpg,0.9996469020843506
bynakhmyescxfghpzliqaaewgtlhas.jpg,0.9996045231819153
bzdueelveubapkgmqbhzrerdmvbqtz.jpg,0.00019886564405169338
ccliaukfdmqskirlsqaemkdtziyhos.jpg,0.0016763213789090514
cdugozukojbkpzksazbxqxnpxnoxts.jpg,0.9997901320457458
cdxocpqismtjtcoiqncmocnyhqipeq.jpg,0.0001697789557510987
cemwpmilmtzyyvpoxxflruiyubdzvc.jpg,0.9975722432136536
cetwookalphtxhtbwgcpzfjpmasfic.png,0.9993636012077332
cgnarbagkiqkuvnbgidtpbpzlxxzzc.jpg,0.9999274015426636
cjbutauggylhztvnyutbozyfqaealv.jpg,0.017269235104322433
clcluoyktakfjgcjyjgbbrhaxjkanl.jpg,0.003526482032611966
clibkrbidguqcugbkymxqioqwolsvv.jpg,0.9995549321174622
csaamuupuegbgkdvhihaucddwkvgcg.jpg,4.838410677621141e-05
csrqrzoyceubuehyicuwjisnsvyfuk.jpg,0.9999880790710449
cxnmwtwjlhvwljnwzdyucnlrkwmzva.jpg,0.9982220530509949
cxtbkqwdjxgxlieyzzfokybmrynvzt.jpg,0.5548881888389587
cynaerknbrqzwlssknbvxqoffjfmqa.jpg,0.001456502010114491
cytfwnqddgfmwopldwoyzfgvdshchj.jpg,1.3314158422872424e-05
czfaqpiyukmerduehjkdrhkhtqxbia.jpg,0.9979771971702576
dbuvujopjxofqfcsxghgeruyrhqamf.jpg,0.9999606609344482
ddmvffnxrrqoftjquegcfyynvbpioe.jpg,0.9998179078102112
dfbqqsvocxgkdljrvnnztyvaexmxgp.jpg,0.9999547004699707
dgzjgjduiwcejpltzhhsdrsfrfwbhm.jpg,0.00017681054305285215
dhcyrecupnqhsmwidgcgghdvkmlsfi.jpg,0.0008158835698850453
dhxbbarhojjiuoacxyzdtayykriavi.jpg,0.9997668862342834
dihlagwlolbphxxdxmfbsmaeqqqcgs.jpeg,0.006062128581106663
djdsobvkfuoagxivxpraiusgzjozds.jpg,0.9999817609786987
dlaaovaxfeqezvculovoovlyakhlgd.jpg,0.0010317345149815083
dnzsxkpbmmtytvrlklmnbprbcwysix.jpg,0.0003251833841204643
dobrsakjzqfkkwbuvhfpxgjynstyjd.jpg,0.006963369902223349
dpnnhtmzinfjwzxeihghlsaugrseso.jpg,0.999998927116394
dshtrcyfhcxdnmqcpqaachrxbmraqm.png,0.6786904335021973
dthpinelztapoyhclbpyyxijcqcsyv.jpg,0.9998276233673096
duythftfcibydcrmobngveppsbczuq.jpg,0.9999997615814209
dveocsyrdwmmokqvzmherympxsnhjg.jpg,0.9999996423721313
dxkxrtwzulytuhegnxjznhxxsqdvjt.jpg,0.9999756813049316
dyintomnapqkperdaokbxbsyrgiadi.jpg,0.9987057447433472
dyjtodxzlakemnjmxwcvxezykwmvoo.jpg,0.004747488535940647
egmlopponygomfuzzhzoextlxzgkmo.jpg,0.0004995102644897997
ejmhvjdcgulaxvqqwyuwabbwqjievn.jpg,0.996812641620636
ejwoiledjlwunsjpnuquukzkjhalov.jpg,0.0017674494301900268
elajrsvrogkgcerlrfjvwgzqdzjumg.jpg,2.9750151952612214e-05
eoeatxoppisxmubbwmpnabjbezizgx.jpg,0.9492350220680237
eofsqiwaevaeqkxjdayeeyzhliteho.jpg,0.0022509079426527023
eowgxpfwjhfpfvoytzlejmtyxegcfx.jpg,0.0016389123629778624
epicmexrbnzcoykteovumnjlpeeejh.jpg,0.9968609809875488
eqhyxymtcmsvgesckcrjowyebhnohw.jpg,0.0007253692019730806
eqycjhiuvqojearvldxihxvmrajwtc.jpg,0.03948664292693138
ethbvskgnyzyuirqytshhzvyzbqjxv.jpg,0.9999982118606567
eusetdoazbgklyqcezwcacrokjcufo.jpg,0.9990110397338867
ewrlffkoseneqgraxwhomtlwxiwekb.jpg,0.0006913852994330227
eyavyurhmycfumwdjnvvxenleadrcl.jpg,0.0052307345904409885
ezmnotqwlrngiwgnwbaheeoueyxvny.jpg,0.018034761771559715
fefhbwjojkixcapyhinlmsqvjyhjmk.jpg,0.001473356387577951
fhggkjdcfrlbgjgdohqetzvtzvzwox.jpg,0.003806768450886011
fhhipzleexntfxjqfztvtikwqlylfz.jpg,0.0002992769004777074
fmkdsmhmklnzkownqsschpnomjedlx.jpg,0.9997432827949524
fnefuqqsicuqfsymibosjdjwawrmvq.jpg,0.999835729598999
fnkfsdjmdihrmynpqxmnrwzxessrdc.jpg,0.9996297359466553
frpsiqoutwcdsluictnefqjbnhaojr.jpg,0.037842899560928345
ftcupseqywfpqtfftqilalhmaanpcv.jpg,0.0008308732067234814
fuldxhllmyyhygdvrczspchtlwifqm.jpg,0.00023045179841574281
fvitugrhbmzimhnlanfwqhnmtovgob.jpg,0.9997591376304626
fvlynglrxqdpvnhnaojggecbomqvbr.jpg,9.743217378854752e-05
fvmrktruwpyzblmwwnubraikddamol.jpg,1.4785438906983472e-05
fvvzssylplidrbhtvshkkfflzatqsd.jpg,0.9997829794883728
fvyderokisqwuoqwuaoadkkvtfoeya.jpg,0.0007906954851932824
fwjhmiqtdoufzyyzkjzxrhzdwkcedo.jpg,0.001669056247919798
fxrmuuyabdjwnsveyuijcliwmywezh.jpg,0.999407172203064
gadijdxgeinztdiaolvtceypzbvlam.jpg,0.00042167777428403497
gbdwbyuafezgszupikmwrdivflidna.jpg,4.781378447660245e-05
gbfvanqxwaqvwzxuqegqaompgvsamm.jpg,0.0003046196943614632
gdkceqpjaozdsbfuaapadetsdgsoyz.jpg,0.9999986886978149
gdwbhsehebmpgcfbndlibiccryfxid.jpg,1.0
geadhikvjfcvvrtszjsxqnevbdvstr.jpg,0.9999445676803589
geaxljqcgthkjujpgjqtinitobfjqe.jpg,0.999841570854187
geszfskhujvpyziumhlqpgptmpajtt.jpg,0.0015361645491793752
gexghbuikqpefswrouipqfgvkzdkzv.jpg,0.003363179275766015
gftflwiwqrswxrpccfpkhdftoajcws.jpg,0.00035666616167873144
ggqkntfyrhgeizstqrxlhhpwvjykbl.jpg,0.9999032020568848
gjppsnmwvegpfaotczwscojavigasa.jpg,0.005637731868773699
gkxlqxmuohjzxzweewniylzaxuqiit.jpg,0.0011370963184162974
glnkqsehtsemwxgfcabdouxnguoope.jpg,0.003784626955166459
glpbrbtkrussrnfolvxynzjdfkvbin.jpg,0.9999468326568604
gmocqhzokvhyrkohiraxixdbmcscjq.jpg,3.1078790925676e-05
goxowiqsuthbriuqxiespbmeegqkvf.jpg,0.9999268054962158
gppgpyeceknjakxhnvcgivtzqkexdt.jpg,0.9566733837127686
gqbziiohphcmauvpfwlcpyxqqapghh.jpg,0.0015312815085053444
gqyjkyvhkkgfldgfvrkwvogjnganlj.jpg,0.011953087523579597
greuliaymizfmfvngfqmrbzayusphp.jpg,0.0006537582376040518
griokgoxjwgbtlffxnqnoefynizroa.jpg,7.467128307325765e-05
gsphpflowsxvbzmqoehtwimxigmexc.jpg,0.011975138448178768
gtydqhzuwwcebasjexbrajitsqhnfh.jpg,7.524641114287078e-05
gvykagbusbpbuzcvkftzaatczcevwk.png,0.9998648166656494
gvzjodvhueivloxnomfhmpmcdbzvap.jpeg,0.0011662057368084788
gzmiyxrvuprhvkmnckztiadtirmwrj.jpg,0.014228783547878265
haghwzucuaiwbeuerzxnrnflkytyqu.jpg,0.007675877772271633
hddqpruzeyfpuemmkrvajzewjauqbg.jpg,0.0033834290225058794
hdftlvovpcycpipsqjnfxbzuvmlnlm.jpg,0.9999629259109497
hdmcngrvtgikfstjgrgqfotraeffgg.jpg,0.0001212634815601632
hepwugnfdvxafszdjsdmscpcvejipp.jpg,0.003987194038927555
hhirnwzcfyhnrwbfjmhioqyosjouxm.jpg,0.0026054123882204294
hirjzqktwfoauvblgqocpnrhksqdih.jpg,0.9998173117637634
hkftgcijkghprpxyuknyfimzjlzpde.jpg,0.9999991655349731
hnmbjysdtuiasvlabvnataindypuzu.jpg,0.001011633430607617
hqxkkaletsjpqenfgprderxwvvdtwx.jpg,0.00045303755905479193
hsyezwcpciffcupbkadwtcqpxhlofh.jpg,0.0034084192011505365
iczzwmswptqjkzgbczxmgewfkfbfbn.jpg,0.0015252424636855721
idardcfquyazdghrsrbiyujmguzxnr.jpg,0.0002707498206291348
idnwoyvjflsoiwvbcleokhdfgdwqng.jpg,0.00925778690725565
ifhrlfbitalzvqnfwqnuudutpbfpdq.jpg,0.005928629543632269
igulitrigxyyzhhiduazzrwydlqrcv.jpg,0.00046266353456303477
ijmzxmoihywxoariplmfexcmexsibs.jpg,0.9990712404251099
iluwkwmnrgiouhirnkfdmhnczfxivc.jpg,0.00041737782885320485
ilyczntkhdwwqxgayvmewwrvonzokc.jpg,0.9998910427093506
imkumwldsvcwkjbhwglebnqtgjuaqy.jpg,0.9997894167900085
imzjoogcbcvsgkbekgsxdfhxdlodgb.jpg,4.5968648919370025e-05
inilzqtajpxhdbqrrrmvnhrzmevhkv.jpg,0.9991104006767273
ioafahyushqhdpfinjvuormfkchmjf.jpg,0.0045469170436263084
ioedeamftahwmovcpgigwnypdhykwz.jpg,0.000477177876746282
iosikwfhnhmqdvuymkrdeatakkdryd.jpg,0.9992061257362366
iqpspkpytnrfnnxpbdgulrpmdssxvv.jpg,0.00020348091493360698
itsfoylidpuiehheyisjrssydwpkjs.jpg,0.0040328954346477985
itxiomwebnkfodztausaduxyrhgfrv.jpg,1.0
iurkzngzsfejzqwpvcogoamriplacq.jpg,0.9991713762283325
iuzfasnekvmbbmtqetpnmrxcyopfie.jpg,0.0002200087474193424
ivhqllncotctfxttkqqvwamkdeokih.jpg,0.999738872051239
iwgumsxpuxzcolrrnfwkqidfknzjic.jpg,0.006172020919620991
iwrrnosiwxykcwfnzdnephwjeynjvr.jpg,0.999997615814209
ixbtflbbatnitjiveitztqwnjfvidt.jpg,0.029631998389959335
ixnarcfjcjzduyghjrmbpsezuhxdeb.png,0.8842235207557678
iyyhdzhpafxpjyvrqstdlsvnhqntqw.jpg,0.9993799924850464
jaypieocqkwftzmbzsgrkttchyhpaa.jpg,0.9997335076332092
jbmhymhbpiobylwbugudyfpnkmisbc.jpg,0.9999274015426636
jcqewjmnixvdytkvwuvgywcblhvotx.jpg,0.7889922261238098
jdiamrvlvhyxhouxlkjrdcfoqbtzlf.jpg,0.9999947547912598
jdmorbhddqxvqofbotgldacezkmyjt.jpg,0.0023313388228416443
jdtkbagujtkdseprtglztarncdxzqt.jpg,0.9999105930328369
jelzmmcmozeaeiswvdkwcltfccanwg.jpg,0.9999724626541138
jgvemmdihzkjgodvehrlpacstjwnbv.jpg,0.0035430253483355045
jgwawiynmntnlhhwckjlqtijvnkjff.jpg,0.9995570778846741
jhhjxctcsxlujwhoprnevvfprddnjs.jpg,0.00016420643078163266
jhvehfryklsushrvqiyjrxtybsyxjs.jpg,0.00017862282402347773
jhwecyoxnwdqysddxcjogbvlhjxrfm.jpg,4.249409175827168e-05
jiorwmlthejgwwbnshbuevjaunqbku.jpg,0.09681185334920883
jiuvimokosuqcqgxsjrpepfrxnudvl.jpg,0.011662164703011513
jjqgfnkunxqxwlrjxgakwcukfoavym.jpg,0.9999210834503174
jkutvlbzwibdltuythhqtweqazglok.jpg,0.0001789549132809043
jnsjofyggzkakdsxxmptabbiksbuty.jpg,0.9998551607131958
jnzcxqykfzbkbbgyscanfvxeqyruzh.jpg,0.00014761646161787212
jqgkxlfpzrktkyilfyuhhdyfsycanf.jpg,7.696204556850716e-05
jqueszoqlgzwqzksmzanznuieydnyy.jpg,0.9999655485153198
jsrbntbtdheogzmdzhatavcmmarvgl.jpg,0.9985471367835999
jvcaprbropasegknsisprgwgitcrpi.jpg,0.9998561143875122
jvpejwtddpkhiqhcikzoaojczgdwfz.jpg,0.9997448325157166
jwdjkvvfvggphwhqatmbkjjlzdienf.jpg,0.0009300374076701701
jxtfudtgjrjafphvpcpyzvbjzkedlt.jpg,0.999995231628418
kajnfbinymxwelbpykfzurocazkajm.jpg,0.00013182786642573774
kcnlgwxftlpioadzfmayiitkbnkpfq.jpg,0.9981162548065186
kduwskepxdwxdgfzkgnfnformtkgzg.jpg,0.9998774528503418
kebxzepgnybcvtvjqohjaclvvsqjgo.jpg,0.9994521737098694
kfkptevnxrhoofzewofglxzxgvkdcg.jpg,0.9992387294769287
khvoycguuitlcpjxdflbkdgyzaoexh.jpg,0.00048093084478750825
kigglxwgyxssmujauixjszahnjctrd.jpg,7.3199776124965865e-06
kjdbifjcnzclwxadgtmgafbcylljhm.jpg,0.0057787359692156315
kkgjefxvtjfypjsjgyhshrutwhgdml.jpg,0.9990794658660889
klkerkiflmmwcuzjqqkvhbrazosuzb.jpg,0.9998283386230469
kmxjicdqvpfpvrhqukkpumdscvgnob.jpg,0.00018819267279468477
krnwchletlzkiqqzgvdfhwgcweukol.jpg,0.00014188126078806818
ktfusajinfwbuflriajdptixqssvun.jpg,0.9999992847442627
ktmunasppplitpubmrdjbiqyuaibnd.jpg,0.0020242356695234776
kugkqjdlyxywogtbietnbvcmpjllwx.jpg,0.0038326235953718424
kujdzaccxtihhcwwvsnuublztrnzie.jpg,0.00401671277359128
kvyzgviirzidxoawqeshlagmfmaqha.jpg,0.00846360344439745
kwufgmdpyknfvezeytoywortrtkcha.jpg,0.0030425959266722202
kxcrhxbyxvhqnwqwqoqmaafwikuegm.jpg,0.9994192123413086
laaqrylcpzmanpcdilwteiuhetchzt.jpg,0.9999896287918091
lazlpqdyqxvdtgtfuwkcplrmtcoeoq.jpg,0.9999984502792358
lbvuqszvcwajhzclogpiprfgxiswpr.jpg,0.9999790191650391
lckpbjorlzqrhcccowfsaltairdvtd.png,0.9972315430641174
lctzakuojllwuturyhbsoyexhyrhfb.jpg,0.0005285443621687591
leibivudzejijilbzmjwyqcgnolcbb.jpg,0.9761975407600403
lhiwujhlwspbbgqydwewaioirumkri.jpg,0.9997428059577942
lhrglduisvdlcgjiofvkkhvdcuaenj.jpg,6.409519846783951e-05
lihqabxpdhfuuctwreixqcwwmjdvkg.jpg,0.0012528038350865245
lkzjcblzskcxgdzssgiasoddrrtouf.jpg,0.0006853770464658737
llecnksnwfhbpbcjzzijseaoxblcbo.jpg,0.9998558759689331
lmdcsyqhjxxvdfzakuhxxmcrwmqkjj.jpg,0.001078806002624333
lmrbtgixyoyrpexyiydyqjsexswuxr.jpg,0.9999263286590576
lnulwsjdqnzkuyyaffwimadgavuwan.jpg,9.996881999541074e-05
louklilbbrpqodurfzvvejxglgocwi.jpg,0.9999591112136841
loyubqchniltkypeilmzrmwjnvjeiq.jpg,0.9995566010475159
lpozqsannlntslamuxvcfpbjttiihl.jpg,0.00015495844127144665
lpxbhrpimmbsyeufegmxiuobcblwen.jpg,0.9999032020568848
lqfnxaohuxlvexjgebyyoyvcpvfzte.jpg,0.0006673475145362318
lsdynvygkfyqehlpwbqammadxmsctv.jpg,0.002699590288102627
ltuibmgnhtgsfugypuufvwrqprxtfk.jpg,0.9999352693557739
lucoklnkqcjyrxyvbgnarqspgcwrku.jpg,0.004315601661801338
lwhltrzhopzxcxkmjnepvkfkuocyyf.jpg,0.9999167919158936
lxxlzvrdieuyvfkeshxuisxgormmyq.png,0.9998921155929565
lyousdaviagybwamxfwdjpjfevopkf.jpeg,0.0004884406225755811
lzjxvwtdrrtwjceqgmucfpngihgdxm.jpg,0.00030779061489738524
lzvnzvftxmsgfnxqriwbranxlyjumy.jpg,0.0019477143650874496
mawbecdfltccgqymuosaxqmntvllvm.jpg,0.004927848000079393
mbekjxyxdchvessngkvjexxfyqdrvv.jpg,0.0005856716888956726
mdwgptlsdcgkglflwsqseheibugref.jpg,0.008153433911502361
meqeaivcxrtyjjlaaysnjeytrmpqmg.jpg,0.9999709129333496
mfkvaqtdkxcsozmtzpeavslszhkbvv.jpg,0.00010763092723209411
mhkqlunhxjqrrnpjvwfklbzvwtrhch.jpg,0.0003204815147910267
micftikbkvjlfcuknzwfbjpjdhioxe.jpeg,0.011943798512220383
mlkbwnogazpkcxpcdaluzexzhvbsbr.jpg,0.001706714159809053
mragkclknhcnqosdkuvchpjdrjofso.jpg,0.999840497970581
mrytehdxapzyymznjhvbvkhutalisi.jpg,0.9978243112564087
mryzptvsvgrisoimspvdugeepobqkk.jpg,5.2809064072789624e-05
mthrpqxgvwfdlksknvymngogpppnhp.jpg,0.0029751372057944536
mtjmylupexliggdaqvuamtttjbizro.jpg,0.0006299582310020924
mtkmqoxjnmplockjwdilejfsrxcbvy.jpg,0.0001728940405882895
mtqtvazpnlsfwlreocalqffwosonni.jpg,0.9929386973381042
myruvkfrzwvlkxajpvfhdulbdsqucc.jpg,0.0005378394853323698
mzaawjyklcynlmsxhziexrqskewnsl.jpg,6.970226968405768e-05
mzvlhczvlelzrkrgyelzjcjtcssgpq.jpg,0.9999958276748657
mzwwwdleaormcvlqonydhzypbhqehq.jpg,0.9998888969421387
naxcngaxukhslcyoodkgkegydlzjnu.jpg,0.999743640422821
nbpkndryqyojnydlzlnfibqdhnsjzo.jpg,0.9991291165351868
nfxhlppokdjomdwvjweudtpurlmwnx.jpg,0.9998062252998352
nhbvrxtecdhhvyyzdjumuhxwfgsnqf.jpg,0.004485377110540867
nkexoipjsbhmytzjsnvxpkqhdtqidv.jpg,0.9999353885650635
nlhevzkzseaudpnhbawmmufkxnqyni.jpg,0.9994102716445923
nlmpasjsptsygvnkicmsroqwepliof.jpg,0.9994958639144897
nmorsdnxcjanqzfyfjrxbvumnyihft.jpg,0.9999297857284546
nncgaofbnlhkcvnvhajmgrxpomzzba.jpg,0.014589247293770313
nnlxnagizcelrbzdeqpxyonlfardpk.jpg,0.9468380212783813
noesixortoazgbkeukqoveyibvaxrc.jpg,0.9996874332427979
nqhxoimohubxlnbgxulnralrtxyfwo.jpg,0.19530728459358215
nrlywwygzrswfdbhjvdtakksrsvjgk.jpg,2.6254636395606212e-05
nrxwgfqqltfxrotfkykgknzommtzdd.jpg,0.999984860420227
nujqgvjxtkvnopkfyzciaziyjndntp.jpg,0.9991326928138733
nwikmsqexytmdgyumqrfomreztdxxz.jpg,0.9987319111824036
nxigjkucblcrgqfmwcwritnrmcjsgz.jpg,0.00042916039819829166
nxkricypqzyjopipbggbupjyjlyhtj.jpg,0.9988260865211487
nyqzmqlebpyheacmxpeacxszlgxagk.jpg,0.0029160520061850548
nzhtmzjahmnlycpchimibdygcdkcnz.jpg,0.9998494386672974
nzpfwndzpzskokcaqmsxlqjgdyrmhe.jpg,0.12582413852214813
ogclzsfhvbloezgkivpedxaldtahzl.jpg,0.9999961853027344
ohiszivnnrkglfcpkvgqobmozjgrwa.jpg,0.0009333755588158965
olvntotfzczjpihgsmsrdshaphevzh.jpg,0.9998618364334106
omdjxmhixkgnqsvczwkplpjivyvdbo.jpg,0.5381224155426025
omgrzbdrlptmmwpudagcrctzvznrap.png,0.9999839067459106
oojheezdsmrbzaxtpeapauytvovivl.jpg,0.00021150830434635282
opdeeeogjakgkmhchcmfcfggxpcszz.jpg,0.9999867677688599
ornhixchukzqnrcisoodqytmeeqplp.jpg,0.0024596701841801405
orsoixyrasfxlkqzngwfasbadeydlh.jpg,0.9999959468841553
orzwzwgaccsbeglnbxsitvpxcivdcm.jpg,0.9991946816444397
osirultbdzsgmknbqrucggtqnfoljs.jpg,1.0
ovasoplwfuqqevywvgggocgxixnktp.jpg,0.0036650386173278093
ovyapwxepknnprboziljwxeskjuiim.jpg,0.0004490257706493139
owffonqaueruqlyakqnwwekvjaougd.jpg,0.0016828456427901983
oxtgwjovwkjybnyejaezfzqerhvpqj.jpg,0.9997130036354065
padarkkzjbruayvwslkssxmumkrjsz.jpg,0.9999516010284424
pbndybjpdykkiinslkpnepifijnsvd.jpg,0.9999587535858154
pcoalfrhngfbattlzqaljgpzrmdiby.jpg,0.9998056292533875
pdcxycqzkznkqntnqsmobdhagkfazw.jpg,0.003186799120157957
pdpxzumgibtauzdnqjxumygocmkunl.jpg,0.9976147413253784
pdsjckkmbslkzreqwygyjkeyehtuwy.jpg,0.003715645521879196
pektafvzybcgssvemzxjypfzsriqxx.jpg,0.9990381002426147
pfruckaftscryoyslnzsaqjlrntcdh.jpg,0.044624269008636475
phbrlkorxtxgllwntzlgujplyffcdm.jpg,0.9997904896736145
phpzhjjsvyqxouxeeaethnilycqdoz.jpg,7.778435247018933e-05
piswtqhtpepgcmilxfeiegdqpofqig.jpg,0.9999969005584717
pixwzsjkuqmcdyobcgumwetegmnyfu.jpg,0.00638684444129467
pjtremwjwtxaqyzmyuhqrkszorrons.jpg,0.0017578656552359462
plcaliiefkehjeqojgsaiztfbluwbx.jpg,0.9992052912712097
plhsciipiahwdvplstefomscgwxnje.jpg,0.9999921321868896
plvzvjasjncvrchqwqdwhuzotiofek.png,0.9995744824409485
plyaiuqsdfyiowewiorerysaomwoum.jpg,0.9993820190429688
pmlzympeefriiyldejvguoilrtbczx.jpg,0.999840497970581
pneabcoxhrbfqowczgsexzharlezae.jpg,0.00014252234541345388
pomnzkamhxjwtrgalmkbcevrqlijft.jpg,2.8029860914102755e-05
powtvfvfexvzhhubxcczdvqmuwgtil.jpg,0.9993308782577515
ppgimbjhcwxshiqofuziffffgvnnbt.jpg,0.999991774559021
puffqlvmnlfcwcplpgbrgkuhgkejnl.jpg,0.0008117870311252773
pwynnfibfpdkeeuzxjljusaieterpf.jpg,0.9991908669471741
pxktxhdsuefrpwxtugwuvttfgmqvyz.jpg,0.997927188873291
pydsgdgzcvormzgjxmsqxgizigmnqq.jpg,0.002754705026745796
qaifzcezpnxsemsninrdanxnrecgxc.jpg,0.9999710321426392
qasruetvxhqscyidfqsbztqteakyss.jpg,0.9999923706054688
qcjrbqnfsvdmyjwegjlhzzzwzfdbgz.jpg,0.9996416568756104
qcwfppwrwajqvcjtzgadczsmjjglpa.jpg,0.0001941431692102924
qddqjbxtpsdrvjjdkzkycjbbrgpekf.jpg,0.09120500087738037
qgseasopsvkydhuvnlfmzqbgjydsys.jpg,0.9904537200927734
qipkjvcthoccixqxbsdcqgjtzmqvcq.jpg,0.9995191097259521
qiqrvyhllvochhswibdzbsxcuyfcif.jpg,0.025063395500183105
qjkcqczswvymlnybfyqxppcwciayzz.jpg,0.0010923065710812807
qlbqjvzglvxhtbjyjrfunwrurqrxox.jpg,0.999914288520813
qlbtwvbhuhkdoyzgfkmcfqwqjujjwh.jpg,0.005585855338722467
qnpphzfhyjxoutunxsukftvlauzuug.jpg,0.002859760308638215
qqakhuzdxoctiscdztnrzrffzgdvux.jpg,0.5940359234809875
qsgsfxhekupbygbbjmhmgmheylbals.jpg,0.9999921321868896
qskzbotijtjaphichunoesuwbybguk.png,0.9997773766517639
qstbmncsmqsiwmnzgipyutolniuxjd.jpg,0.9963704347610474
qsxfaihdktxryqxchmdrhweaubkomf.jpg,0.998713493347168
qubxzzlnsdvcesxfodgkfhnckwewmm.jpg,0.9981467723846436
qvnxjxzghixyyysszioajgjiexgwzh.jpg,0.9999967813491821
qwqvucqqtmtobwedwslipeohnrkuwr.jpg,0.005190948955714703
qwylrrncmfibtlszybqsofemgweggl.jpg,0.9974492192268372
qwztxkkzraedpivehqtrdcfdcrrsse.png,0.9574742317199707
raoltfuznhttwcfpscjepcqakdkmey.jpg,0.9999004602432251
rbztrgnugpkdoaxagndgdjbijoqele.jpg,0.999872088432312
rccyeivmdwnblrlijjuyvzyxslwuhh.jpg,0.0004107662825845182
rdwfgwuicmbzlnqhtyhfemjzmpyrjm.jpg,0.9994058609008789
rfbvqxxqlifrbwhfyopkxalfmvyhfy.jpg,0.9964452385902405
rjcsevtxucgtrcxvvsblkrakusacxq.jpg,0.0011779755586758256
rjidoxfzbxyeffhrkzguqdqksvwtpa.jpg,0.9997429251670837
rjsayiylvpblfpjzyxwnejcevzncpm.jpg,0.9992879033088684
rkpymadccynfoyvmiftgekkfbbbhdi.png,0.9989824891090393
rqxlpeljjhhifqnlrywertwvzywynb.jpg,0.8587498068809509
rrrncyqvyxkyshtdtxrtzcmltgpugh.jpg,0.9999600648880005
rtnaqoagadatjgbczdaehqawjeuxiq.jpg,0.9999508857727051
rwlnkupbstmcbxurjkntrubebavmjd.jpg,0.9999933242797852
rwrhwxbhdpdvlaxkattftklqiorcpo.jpg,0.999444305896759
saqwjlvhyizasymcqwuumkayyalabr.jpg,5.776540274382569e-05
saxrcfliklfijsofesenfhbpipucza.jpg,0.00043178274063393474
sbjiktnxorfqchvhvtresgziklndbw.jpg,0.9996587038040161
sceudskpqcmpiutrvrjvwzrlyhusve.jpg,0.050789471715688705
sdfklgwygtjlxmwtbggmobikmuuzaw.jpg,0.9915937185287476
sfpwptgynidjmylpqeukgkhzqcitgm.jpg,0.9999394416809082
shtuvrpsdcmoaooaeitmnpuckoaraa.jpg,0.9979827404022217
sipovcjjclpnpgtcypjziplmmnzblp.jpg,0.999927282333374
siqobtmqebviudcxtjszqquivmzvil.jpg,0.955775797367096
smanxydzpnqbtgyhnkbkqslunnvvyg.jpg,0.008335167542099953
smoiczjaouyiefhoizeyarkxzwutbe.png,0.9999685287475586
smudegzshenddkbjyxihvwjdrensex.jpeg,0.001710598706267774
smwljmgvodmaektpwpvsjbgbemexkz.jpg,0.9999984502792358
snqqviwsotitwwrblhtiabhvphphqw.jpg,0.9986464381217957
snylansyoagwhxkcenskjanfkgpigr.jpg,0.9975624084472656
sseuokumxzgersmrlhofzkzgrkozkq.png,0.995241641998291
ssidykbqfofxaqtorcftxaxtusuyvc.jpg,0.9998553991317749
sslssipaijavmhtvbrixtbgwwnlshu.jpg,0.00030171891557984054
suvnfydgvqcgdaxlsazlxgubymvfhj.jpg,0.9999969005584717
svegbhuohnflowxkhjvkrifgmxextf.jpg,0.12250646948814392
syjhwwdrvsqvhmkdfyfmggthjmkvzd.jpg,8.789622370386496e-05
szycncebucycdqljwiolfshxndzpcm.jpg,0.0011074159992858768
tbjzvqedthirsztsnsjkfrdgroofmt.jpg,0.0003963593626394868
tewzkpvegeenvrdteiupwxlvyjyffy.jpg,0.0001689242635620758
thxqsrejgecdethcqecanudtfofcrh.jpg,0.9997504353523254
tihnjhjilrcolmyupysvxjvqbqhvzr.jpg,4.6498957090079784e-05
tkekamvpuqgwyxgekdpmbvarytgffk.jpg,0.9998142123222351
tkudaszaqtrzmyypabwhwanaqqdgsn.jpg,0.999600350856781
tldspzpkenscsjyokedqawzuqdbjfh.jpg,0.0013333357637748122
tlqprwlybfxysvhrnfgnplgbqgsswu.jpg,0.0002536550455261022
tmthqtrdrzwgadmsftvwpwlssemeic.jpg,0.00011769901175284758
tnptubiwafwpnymkaaudzcjibkzfgp.jpg,0.000668997410684824
tnvtseaxgaeuxslabsyczpucoervej.jpg,0.0028606033883988857
tosutnsfkotuhlqcxkyartdjribecy.jpg,0.10039318352937698
tqpfjhcqdnetwghsusmzymjepbdnds.jpg,0.001172029646113515
tqtohrbvnjhvqqpkcpqxihkomlzddz.jpg,0.0005024962010793388
trvmaugxfpnagutconbyismxjoizzi.jpg,0.9985862970352173
twuombcbchukiltgyoxxovvpqidulj.jpg,0.00028716932865791023
txjtghyvfckkbeihbmqcamrwmhfwfr.jpg,0.9996988773345947
tzwrmkyyhlxjrbedtztknvlrgdmnfq.jpg,0.9999903440475464
uapjecavqzibecgdvrlwiabgymtvdt.jpg,0.9998674392700195
ueexuzrrjzajyeojqfmglknvpzgzad.jpg,0.04406663402915001
uemcqcfhactlnpdguyeqawxiarukdn.jpg,0.9992853999137878
uemcyhtssgjcecjovuzrmvkxqwmldt.jpg,0.0043531074188649654
ufhysrqbbzlrqymeekhvxkoqeyxbyo.jpg,0.0038057956844568253
ufjcnzoabfdevufathmxztkvmlfgmd.jpg,0.9999971389770508
ujdigrxiqfjtzrjgfwpvtjsxtviztq.jpg,0.0005786711117252707
umgwufightqsnhtjyfochvdnrcsccb.jpg,0.9996588230133057
unkvelhemzsndcplwwcplvzhztcllz.jpg,0.9995185136795044
unwndegdcmlinkjsprkshhnpomqvwd.jpg,0.0016498836921527982
uoqujcamsyjwlwoztrnvutbgrhdtkx.jpg,0.0020917830988764763
uqpvmjbjlwceqgltplhvdxyinayphz.jpg,0.9999982118606567
urdgcrihebtothfemyxubtwpinualu.jpg,0.9999994039535522
urfpnxaaxslypipkziqixilgvtitse.jpg,0.0011638125870376825
usdqhnysmqfjitrxqnfxkureaphlsa.jpg,0.02068389020860195
utjaezxnmbadaiqjqgkmdmfdzqozqr.jpg,0.0005498706013895571
utqrcmliuqbblbxeacpcofcsxvhzgz.jpeg,0.015896445140242577
uuapkpltdjmnmxgttzdtgoewvtdmkf.jpg,0.001684296177700162
uvxtmvpwvucdhkyfjuqzrnxxgecptf.jpg,0.9998236298561096
uxxhcjkukexpxutwqbvdjpgurqmwli.jpg,0.9999998807907104
uyoqejdoxyisbuqsbwjwaecqutvtwg.jpg,0.9998756647109985
uzfesehhvhqxuziizqgipuqbvjkarm.jpg,0.9987265467643738
vdntoytydbayclzrqpfguwpzhplhvj.jpg,0.9763888716697693
versewmzeguanbftslpjlyrupgqobt.jpg,7.139109948184341e-05
vhwotvbcqepkhmhuhqvbdvahsixptb.jpg,0.002063378691673279
vivqwqshafxumvxojbcouebhpjitvw.jpg,0.99925297498703
vlpwwjhopipwypxltcstohkkjgudbv.jpg,0.0050407275557518005
vluqtgdfiywtuveucboijzbanifapn.jpg,0.999997615814209
vlxbaplwagipvtfkcjbzapysqmffld.jpg,0.9999998807907104
volxwqaiygijoxnemgujucdvaxcmla.jpg,0.9994410872459412
vvbpnstpnzspemzfccnfftwnsyfosx.jpg,0.028830960392951965
vwnowxqsikzzgaupttmtfffkbprphp.jpg,0.0037001497112214565
vwqrhobzdutxipuwgssuzjbhxumbod.jpg,0.9751439094543457
vzqbztrjuoyuzfygogzutjfvnppmpi.jpg,0.9997895359992981
vzygdcxwtgrkwsimilpsbttbchwjey.jpg,0.9999669790267944
wbbujdiznmyiiqjwpjymtypyswyumo.jpg,2.0418332496774383e-05
wbctqgrcgqwhbywsikdklrtbmrplim.jpg,0.9871418476104736
wbfrwkddjwawzxnikfrpffjxtowjhv.jpg,6.730628228979185e-05
wcjujbvemumhadmwcgkgwahqmrhoif.jpg,0.0005596595001406968
wcnsyehazqxgakcdbtyehtkwoiwppj.jpg,0.9973824620246887
wcydlpgrwjmptowavcltpotjbgvxhb.jpg,0.0032065273262560368
wdlioyaloeejrcvmjpixqoczoesuns.jpg,0.0023790751583874226
weipwizxckxeagywuilohlxktcrypk.jpg,0.9909909963607788
weubnhdcwsklnxmbaoetvbzfistxwg.jpg,0.9994117021560669
wflunumlnfgrpwisuymmudqnjobspo.jpg,0.9998130202293396
wgkzydvcyrnzspiukwtrbmwptujyoo.jpg,0.9994066953659058
wiovvusmzmxindaealykgesxwwleql.jpg,0.9966095685958862
wischoicbrogjyfnhdycphsaneiuwm.jpg,0.0007692196522839367
wkvfouqvychfqwsmjnhkraowobkxgy.jpg,0.0009923847392201424
wleebloflbfqkneclgoekidfidccim.jpg,0.005613517016172409
wljliaaphisemiemsxielexjlkirlv.jpg,0.09748351573944092
wnwkpbivybsvhesdkadymsqmqopfuy.jpg,0.9999969005584717
woazdfgnjkbxcskuamebaxedxhpszi.jpg,0.0006021210574544966
woobvdyoeohahdgjtajoywfsxmtijg.jpg,0.00446444284170866
wooltgxaythwvbtdoruodwvmvbrpfg.jpg,1.1562178769963793e-05
woulzzpagnqwxegofpdnsxbytvjdki.jpg,0.00019800325389951468
wpiddqgustjsgnzcdoykwhecjmfsbo.jpg,0.9999634027481079
wpsmdmlakitjsnypxeecpajkecrgqw.jpg,0.006628064904361963
wpujnxoeirxcyjiiezydfkaxksrdwg.jpg,0.9998917579650879
wqzkxqasodsnxcugavcqsuqmdwqfoa.png,0.9995179176330566
wrtiyoywiyiawtrnbizxykeqjoesmb.jpg,0.9999191761016846
wtcbodbqepiirrtgpzclqipkojxodr.jpg,0.005154055543243885
wwgnzvefvkhqgcvgzvucdwslmhqdfl.jpg,0.0009204499656334519
wwibybtbnrvydizirztvgsbuulpouw.jpg,0.008619124069809914
wzdhiyzvbjlpatadxltwukvizlkpfi.jpg,0.0011875649215653539
xaufwjptvdpofxbuefzpcbjdgurmov.jpg,0.9987918734550476
xbuuveyzfnrozevdlhayiqncadyiof.jpg,0.9995275735855103
xemgrytlfzpwpxlpoyklejnqclztru.jpg,0.9999139308929443
xfnuyuiibfvnhcxneinujhzmxyffdn.jpg,0.9997465014457703
xgfrghdwyumnzdvxsuzlehyruvkita.png,0.9998140931129456
xjngjjhzpyhxmstueplojbqreasnes.jpg,0.9999024868011475
xkdueyinwrnlyioamfbqqymynyyjow.jpg,0.0013453785795718431
xklxzfuxkxgykpuhuzzaldbdjhcydx.jpg,0.00046980628394521773
xkoqrazzrpistsmscyvjarmiuwljsd.jpg,0.9999997615814209
xnyhtjljydambkxbueqmgixbainqrw.jpg,0.999967098236084
xpivtvyweotwypnjfaenuhouijtwrj.jpg,5.510582195711322e-05
xqhpwicnsoejqslgrlwvntqhqdrjjt.jpg,0.00457839947193861
xurcoxcuznkvnyjhrqrtjfnrqqtlby.jpg,0.0024241842329502106
xxirvsjxpsdmicscgrmpcczbnrtoek.jpg,0.0021829656325280666
xxpzhbftdvltokjuzrdiuksfeynqlu.jpg,0.9999996423721313
xykoojgoemrcfmvdobwvlurbpoikpq.jpg,0.00028320401906967163
xynfggwypiqaesxayyvjlqfmhsvnlo.jpg,0.000598579179495573
xzcvpmdsnwcmeooidiemxzofsvqrvo.png,0.9995903372764587
ycdmtgjjzxhgzblmjrujqpemeqksch.jpeg,0.9999996423721313
yegdjxoapgowmbnvlrdryvaecnynya.jpg,0.9980736970901489
yionojckwcmjxtjevsvpmjezycmilb.jpg,0.00012568639067467302
yjncarmoymzspzoiuivzecdjjxnitj.jpg,0.999870777130127
yklgcnlafkcgjozrkuzbebbsggluus.png,0.0074486262165009975
ykmaworjsfbglvakdrsbqhupjiqkhn.jpg,0.002973143709823489
ykngxpgtimmeszcxyntqujxyslvkrz.jpg,0.9997579455375671
yknhljrexjerzopcvabkfobfaznbce.jpg,0.0006081648753024638
ylqsaoehrinbdgkmyqobrytabqvqad.jpg,0.00011054717469960451
yncgdbcfbdpippiqjexosicvuxetik.jpg,0.9999988079071045
yoljgngorsosxyvpmflodycbrzlojm.jpg,0.00040191071457229555
yqhsjijloqxbrfjzbqnasiqfqyvgjq.jpg,0.0007742008310742676
ytxadvbbcvbohxmbtvnyepjzdskwli.jpg,2.5649518647696823e-05
yurmkbqrwlidqgbgeeszgsuzzizhtv.jpg,0.00015715548943262547
yyvvnujfgpfcpcgwdyjfthnlycslkk.jpg,0.0020865588448941708
zdfiplzlfcwkyfucjdtkskjxjdeavq.jpg,0.0007150188321247697
zesbxhcglwjpplcmsfntcpummkbhfz.jpg,0.9608500599861145
zgigmyufwdfgxuspzppusdfstysjfs.jpg,0.00011345410894136876
zhkdanqqseexvicplcyekiwjqqlhhz.jpg,4.7093148168642074e-05
ziseknqemrbhawedjdyxevolrwumkq.jpg,0.0032094581983983517
zjcrlegcioljqhlaowlaklxwojfpil.jpg,0.9998636245727539
zjlngjlzjwonpqhiiztranntupvtom.jpg,0.004183739889413118
zkmcdlytdocncvgmigqhklfvjqwrni.jpg,0.006544570438563824
zkpcokomrmpbncplmxcklnvgaabmoq.jpg,0.9999068975448608
zndfvhigsuchffrepbzdwrlhgncmtd.jpg,0.9997065663337708
zneawovpezfvxphxdlzgpjhllyxuss.jpg,0.999997615814209
zodcoeblnsvtuoftjlpquidfhnbtwc.jpg,0.0005433321930468082
zojvaryviuzftjfkmeazlzekvpdxri.jpg,0.024779807776212692
zpfhbgixcctxylnihhrepjgcmjksvf.jpg,0.000894447264727205
zuignwckjykxefmpubjpjefvhghaoi.jpg,0.00367227871902287
zuxvwdblfwjpibjexgfglpyreqslhs.jpg,0.005575804505497217
zvyajojutzgqumdjfxxkpiuuxeefyy.jpg,0.9992358684539795
zynasgxnxnzqaallnvkthegctommtu.jpg,0.3711913526058197
